{    "vertices": [0.195663,0.174352,1.061056,0.195663,0.174352,0.764056,0.492663,0.174352,0.764056,0.492663,0.174352,0.764056,0.195663,0.174352,0.764056,0.195663,0.166352,0.764056,0.492663,0.174352,1.061056,0.492663,0.174352,0.764056,0.492663,0.166352,0.764056,0.195663,0.174352,0.764056,0.195663,0.174352,1.061056,0.195663,0.166352,1.061056,0.195663,0.174352,1.061056,0.492663,0.174352,1.061056,0.492663,0.166352,1.061056,0.492663,0.174352,1.061056,0.195663,0.174352,1.061056,0.492663,0.174352,0.764056,0.492663,0.166352,0.764056,0.492663,0.174352,0.764056,0.195663,0.166352,0.764056,0.492663,0.166352,1.061056,0.492663,0.174352,1.061056,0.492663,0.166352,0.764056,0.195663,0.166352,0.764056,0.195663,0.174352,0.764056,0.195663,0.166352,1.061056,0.195663,0.166352,1.061056,0.195663,0.174352,1.061056,0.492663,0.166352,1.061056],
    "uv1": [0.000054,0.000092,0.000054,0.999974,0.999783,0.999974,0.972312,0.522811,0.029401,0.522811,0.029401,0.548210,0.001867,0.513456,0.998993,0.513456,0.998993,0.496530,0.008333,0.548674,0.985770,0.548674,0.985770,0.522346,0.011187,0.527247,0.983764,0.527247,0.983764,0.501050,0.999783,0.000092,0.000054,0.000092,0.999783,0.999974,0.972312,0.548210,0.972312,0.522811,0.029401,0.548210,0.001867,0.496530,0.001867,0.513456,0.998993,0.496530,0.008333,0.522346,0.008333,0.548674,0.985770,0.522346,0.011187,0.501050,0.011187,0.527247,0.983764,0.501050],
    "normals": [0.000000,-1.000000,0.000000,0.000000,-1.000000,0.000000,0.000000,-1.000000,0.000000,0.000000,0.000000,1.000000,0.000000,0.000000,1.000000,0.000000,0.000000,1.000000,-1.000000,0.000000,0.000000,-1.000000,0.000000,0.000000,-1.000000,0.000000,0.000000,1.000000,-0.000000,0.000000,1.000000,-0.000000,0.000000,1.000000,-0.000000,0.000000,0.000000,0.000000,-1.000000,0.000000,0.000000,-1.000000,0.000000,0.000000,-1.000000,0.000000,-1.000000,0.000000,0.000000,-1.000000,0.000000,0.000000,-1.000000,0.000000,0.000000,0.000000,1.000000,0.000000,0.000000,1.000000,0.000000,0.000000,1.000000,-1.000000,0.000000,0.000000,-1.000000,0.000000,0.000000,-1.000000,0.000000,0.000000,1.000000,-0.000000,0.000000,1.000000,-0.000000,0.000000,1.000000,-0.000000,0.000000,0.000000,0.000000,-1.000000,0.000000,0.000000,-1.000000,0.000000,0.000000,-1.000000]
}