{    "vertices": [-4.060081,0.343834,0.438066,-4.060081,0.348834,0.438066,-4.060081,0.348834,0.638066,-3.560081,0.343834,0.438066,-3.560081,0.348834,0.438066,-4.060081,0.348834,0.438066,-3.560081,0.343834,0.638066,-3.560081,0.348834,0.638066,-3.560081,0.348834,0.438066,-4.060081,0.343834,0.638066,-4.060081,0.348834,0.638066,-3.560081,0.348834,0.638066,-3.560081,0.343834,0.438066,-4.060081,0.343834,0.438066,-4.060081,0.343834,0.638066,-4.060081,0.348834,0.438066,-3.560081,0.348834,0.438066,-3.560081,0.348834,0.638066,-4.060081,0.343834,0.438066,-4.060081,0.348834,0.638066,-4.060081,0.343834,0.638066,-3.560081,0.343834,0.438066,-4.060081,0.348834,0.438066,-4.060081,0.343834,0.438066,-3.560081,0.343834,0.638066,-3.560081,0.348834,0.438066,-3.560081,0.343834,0.438066,-4.060081,0.343834,0.638066,-3.560081,0.348834,0.638066,-3.560081,0.343834,0.638066,-3.560081,0.343834,0.438066,-4.060081,0.343834,0.638066,-3.560081,0.343834,0.638066,-4.060081,0.348834,0.438066,-3.560081,0.348834,0.638066,-4.060081,0.348834,0.638066],
    "uv1": [0.000000,0.000000,0.000000,0.000000,0.000000,0.000000,0.000000,0.000000,0.000000,0.000000,0.000000,0.000000,0.000000,0.000000,0.000000,0.000000,0.000000,0.000000,0.000000,0.000000,0.000000,0.000000,0.000000,0.000000,0.000000,0.000000,0.000000,0.000000,0.000000,0.000000,0.120052,0.975988,0.894326,0.982701,0.894326,0.686399,0.000000,0.000000,0.000000,0.000000,0.000000,0.000000,0.000000,0.000000,0.000000,0.000000,0.000000,0.000000,0.000000,0.000000,0.000000,0.000000,0.000000,0.000000,0.000000,0.000000,0.000000,0.000000,0.000000,0.000000,0.000000,0.000000,0.000000,0.000000,0.000000,0.000000,0.120052,0.975988,0.894326,0.686399,0.120052,0.679685],
    "normals": [-1.000000,0.000000,0.000000,-1.000000,0.000000,0.000000,-1.000000,0.000000,0.000000,0.000000,0.000000,-1.000000,0.000000,0.000000,-1.000000,0.000000,0.000000,-1.000000,1.000000,-0.000000,0.000000,1.000000,-0.000000,0.000000,1.000000,-0.000000,0.000000,0.000000,0.000000,1.000000,0.000000,0.000000,1.000000,0.000000,0.000000,1.000000,0.000000,-1.000000,0.000000,0.000000,-1.000000,0.000000,0.000000,-1.000000,0.000000,0.000000,1.000000,0.000000,0.000000,1.000000,0.000000,0.000000,1.000000,0.000000,-1.000000,0.000000,0.000000,-1.000000,0.000000,0.000000,-1.000000,0.000000,0.000000,0.000000,0.000000,-1.000000,0.000000,0.000000,-1.000000,0.000000,0.000000,-1.000000,1.000000,-0.000000,0.000000,1.000000,-0.000000,0.000000,1.000000,-0.000000,0.000000,0.000000,0.000000,1.000000,0.000000,0.000000,1.000000,0.000000,0.000000,1.000000,0.000000,-1.000000,0.000000,0.000000,-1.000000,0.000000,0.000000,-1.000000,0.000000,0.000000,1.000000,0.000000,0.000000,1.000000,0.000000,0.000000,1.000000,0.000000]
}