{    "vertices": [-2.921790,0.343834,0.434441,-2.921790,0.348834,0.434441,-2.921790,0.348834,0.634441,-2.421790,0.343834,0.434441,-2.421790,0.348834,0.434441,-2.921790,0.348834,0.434441,-2.421790,0.343834,0.634441,-2.421790,0.348834,0.634441,-2.421790,0.348834,0.434441,-2.921790,0.343834,0.634441,-2.921790,0.348834,0.634441,-2.421790,0.348834,0.634441,-2.421790,0.343834,0.434441,-2.921790,0.343834,0.434441,-2.921790,0.343834,0.634441,-2.921790,0.348834,0.434441,-2.421790,0.348834,0.434441,-2.421790,0.348834,0.634441,-2.921790,0.343834,0.434441,-2.921790,0.348834,0.634441,-2.921790,0.343834,0.634441,-2.421790,0.343834,0.434441,-2.921790,0.348834,0.434441,-2.921790,0.343834,0.434441,-2.421790,0.343834,0.634441,-2.421790,0.348834,0.434441,-2.421790,0.343834,0.434441,-2.921790,0.343834,0.634441,-2.421790,0.348834,0.634441,-2.421790,0.343834,0.634441,-2.421790,0.343834,0.434441,-2.921790,0.343834,0.634441,-2.421790,0.343834,0.634441,-2.921790,0.348834,0.434441,-2.421790,0.348834,0.634441,-2.921790,0.348834,0.634441],
    "uv1": [0.000000,0.000000,0.000000,0.000000,0.000000,0.000000,0.000000,0.000000,0.000000,0.000000,0.000000,0.000000,0.000000,0.000000,0.000000,0.000000,0.000000,0.000000,0.000000,0.000000,0.000000,0.000000,0.000000,0.000000,0.000000,0.000000,0.000000,0.000000,0.000000,0.000000,0.120409,0.326730,0.879069,0.333308,0.879069,0.042981,0.000000,0.000000,0.000000,0.000000,0.000000,0.000000,0.000000,0.000000,0.000000,0.000000,0.000000,0.000000,0.000000,0.000000,0.000000,0.000000,0.000000,0.000000,0.000000,0.000000,0.000000,0.000000,0.000000,0.000000,0.000000,0.000000,0.000000,0.000000,0.000000,0.000000,0.120409,0.326730,0.879069,0.042981,0.120409,0.036403],
    "normals": [-1.000000,0.000000,0.000000,-1.000000,0.000000,0.000000,-1.000000,0.000000,0.000000,0.000000,0.000000,-1.000000,0.000000,0.000000,-1.000000,0.000000,0.000000,-1.000000,1.000000,-0.000000,0.000000,1.000000,-0.000000,0.000000,1.000000,-0.000000,0.000000,0.000000,0.000000,1.000000,0.000000,0.000000,1.000000,0.000000,0.000000,1.000000,0.000000,-1.000000,0.000000,0.000000,-1.000000,0.000000,0.000000,-1.000000,0.000000,0.000000,1.000000,0.000000,0.000000,1.000000,0.000000,0.000000,1.000000,0.000000,-1.000000,0.000000,0.000000,-1.000000,0.000000,0.000000,-1.000000,0.000000,0.000000,0.000000,0.000000,-1.000000,0.000000,0.000000,-1.000000,0.000000,0.000000,-1.000000,1.000000,-0.000000,0.000000,1.000000,-0.000000,0.000000,1.000000,-0.000000,0.000000,0.000000,0.000000,1.000000,0.000000,0.000000,1.000000,0.000000,0.000000,1.000000,0.000000,-1.000000,0.000000,0.000000,-1.000000,0.000000,0.000000,-1.000000,0.000000,0.000000,1.000000,0.000000,0.000000,1.000000,0.000000,0.000000,1.000000,0.000000]
}