{    "vertices": [-3.490936,0.343834,0.434441,-3.490936,0.348834,0.434441,-3.490936,0.348834,0.634441,-2.990936,0.343834,0.434441,-2.990936,0.348834,0.434441,-3.490936,0.348834,0.434441,-2.990936,0.343834,0.634441,-2.990936,0.348834,0.634441,-2.990936,0.348834,0.434441,-3.490936,0.343834,0.634441,-3.490936,0.348834,0.634441,-2.990936,0.348834,0.634441,-2.990936,0.343834,0.434441,-3.490936,0.343834,0.434441,-3.490936,0.343834,0.634441,-3.490936,0.348834,0.434441,-2.990936,0.348834,0.434441,-2.990936,0.348834,0.634441,-3.490936,0.343834,0.434441,-3.490936,0.348834,0.634441,-3.490936,0.343834,0.634441,-2.990936,0.343834,0.434441,-3.490936,0.348834,0.434441,-3.490936,0.343834,0.434441,-2.990936,0.343834,0.634441,-2.990936,0.348834,0.434441,-2.990936,0.343834,0.434441,-3.490936,0.343834,0.634441,-2.990936,0.348834,0.634441,-2.990936,0.343834,0.634441,-2.990936,0.343834,0.434441,-3.490936,0.343834,0.634441,-2.990936,0.343834,0.634441,-3.490936,0.348834,0.434441,-2.990936,0.348834,0.634441,-3.490936,0.348834,0.634441],
    "uv1": [0.000000,0.000000,0.000000,0.000000,0.000000,0.000000,0.000000,0.000000,0.000000,0.000000,0.000000,0.000000,0.000000,0.000000,0.000000,0.000000,0.000000,0.000000,0.000000,0.000000,0.000000,0.000000,0.000000,0.000000,0.000000,0.000000,0.000000,0.000000,0.000000,0.000000,0.122437,0.651738,0.880021,0.658452,0.880021,0.368110,0.000000,0.000000,0.000000,0.000000,0.000000,0.000000,0.000000,0.000000,0.000000,0.000000,0.000000,0.000000,0.000000,0.000000,0.000000,0.000000,0.000000,0.000000,0.000000,0.000000,0.000000,0.000000,0.000000,0.000000,0.000000,0.000000,0.000000,0.000000,0.000000,0.000000,0.122437,0.651738,0.880021,0.368110,0.122437,0.361396],
    "normals": [-1.000000,0.000000,0.000000,-1.000000,0.000000,0.000000,-1.000000,0.000000,0.000000,0.000000,0.000000,-1.000000,0.000000,0.000000,-1.000000,0.000000,0.000000,-1.000000,1.000000,-0.000000,0.000000,1.000000,-0.000000,0.000000,1.000000,-0.000000,0.000000,0.000000,0.000000,1.000000,0.000000,0.000000,1.000000,0.000000,0.000000,1.000000,0.000000,-1.000000,0.000000,0.000000,-1.000000,0.000000,0.000000,-1.000000,0.000000,0.000000,1.000000,0.000000,0.000000,1.000000,0.000000,0.000000,1.000000,0.000000,-1.000000,0.000000,0.000000,-1.000000,0.000000,0.000000,-1.000000,0.000000,0.000000,0.000000,0.000000,-1.000000,0.000000,0.000000,-1.000000,0.000000,0.000000,-1.000000,1.000000,-0.000000,0.000000,1.000000,-0.000000,0.000000,1.000000,-0.000000,0.000000,0.000000,0.000000,1.000000,0.000000,0.000000,1.000000,0.000000,0.000000,1.000000,0.000000,-1.000000,0.000000,0.000000,-1.000000,0.000000,0.000000,-1.000000,0.000000,0.000000,1.000000,0.000000,0.000000,1.000000,0.000000,0.000000,1.000000,0.000000]
}