{    "vertices": [-2.374578,0.343834,0.431514,-2.374578,0.348834,0.431514,-2.374578,0.348834,0.631514,-1.874578,0.343834,0.431514,-1.874578,0.348834,0.431514,-2.374578,0.348834,0.431514,-1.874578,0.343834,0.631514,-1.874578,0.348834,0.631514,-1.874578,0.348834,0.431514,-2.374578,0.343834,0.631514,-2.374578,0.348834,0.631514,-1.874578,0.348834,0.631514,-1.874578,0.343834,0.431514,-2.374578,0.343834,0.431514,-2.374578,0.343834,0.631514,-2.374578,0.343834,0.431514,-2.374578,0.348834,0.631514,-2.374578,0.343834,0.631514,-1.874578,0.343834,0.431514,-2.374578,0.348834,0.431514,-2.374578,0.343834,0.431514,-1.874578,0.343834,0.631514,-1.874578,0.348834,0.431514,-1.874578,0.343834,0.431514,-2.374578,0.343834,0.631514,-1.874578,0.348834,0.631514,-1.874578,0.343834,0.631514,-1.874578,0.343834,0.431514,-2.374578,0.343834,0.631514,-1.874578,0.343834,0.631514,-1.874578,0.348834,0.431514,-1.874578,0.348834,0.631514,-2.374578,0.348834,0.631514,-1.874578,0.348834,0.431514,-2.374578,0.348834,0.631514,-2.374578,0.348834,0.431514],
    "uv1": [0.000000,0.000000,0.000000,0.000000,0.000000,0.000000,0.000000,0.000000,0.000000,0.000000,0.000000,0.000000,0.000000,0.000000,0.000000,0.000000,0.000000,0.000000,0.000000,0.000000,0.000000,0.000000,0.000000,0.000000,0.000000,0.000000,0.000000,0.000000,0.000000,0.000000,0.000000,0.000000,0.000000,0.000000,0.000000,0.000000,0.000000,0.000000,0.000000,0.000000,0.000000,0.000000,0.000000,0.000000,0.000000,0.000000,0.000000,0.000000,0.000000,0.000000,0.000000,0.000000,0.000000,0.000000,0.000000,0.000000,0.000000,0.000000,0.000000,0.000000,0.710135,0.130503,0.710135,0.050174,0.500224,0.048354,0.710135,0.130503,0.500224,0.048354,0.500224,0.128683],
    "normals": [-1.000000,0.000000,0.000000,-1.000000,0.000000,0.000000,-1.000000,0.000000,0.000000,0.000000,0.000000,-1.000000,0.000000,0.000000,-1.000000,0.000000,0.000000,-1.000000,1.000000,-0.000000,0.000000,1.000000,-0.000000,0.000000,1.000000,-0.000000,0.000000,0.000000,0.000000,1.000000,0.000000,0.000000,1.000000,0.000000,0.000000,1.000000,0.000000,-1.000000,0.000000,0.000000,-1.000000,0.000000,0.000000,-1.000000,0.000000,-1.000000,0.000000,0.000000,-1.000000,0.000000,0.000000,-1.000000,0.000000,0.000000,0.000000,0.000000,-1.000000,0.000000,0.000000,-1.000000,0.000000,0.000000,-1.000000,1.000000,-0.000000,0.000000,1.000000,-0.000000,0.000000,1.000000,-0.000000,0.000000,0.000000,0.000000,1.000000,0.000000,0.000000,1.000000,0.000000,0.000000,1.000000,0.000000,-1.000000,0.000000,0.000000,-1.000000,0.000000,0.000000,-1.000000,0.000000,0.000000,1.000000,-0.000000,0.000000,1.000000,-0.000000,0.000000,1.000000,-0.000000,0.000000,1.000000,-0.000000,0.000000,1.000000,-0.000000,0.000000,1.000000,-0.000000]
}