{    "vertices": [9.662423,0.640106,-2.356900,9.662423,0.640106,-2.646900,9.662423,0.631106,-2.646900,9.069423,0.631106,-2.356900,9.662423,0.631106,-2.356900,9.662423,0.631106,-2.646900,9.069423,0.640106,-2.356900,9.662423,0.640106,-2.356900,9.662423,0.631106,-2.356900,9.662423,0.640106,-2.646900,9.069423,0.640106,-2.646900,9.069423,0.631106,-2.646900,9.069423,0.640106,-2.646900,9.069423,0.640106,-2.356900,9.069423,0.631106,-2.356900,9.662423,0.640106,-2.356900,9.069423,0.640106,-2.356900,9.069540,0.640813,-2.356958,9.662306,0.640813,-2.356958,9.069540,0.640813,-2.356958,9.069719,0.641106,-2.357045,9.662127,0.641106,-2.646755,9.069719,0.641106,-2.646755,9.069540,0.640813,-2.646843,9.662306,0.640813,-2.646843,9.069540,0.640813,-2.646843,9.069423,0.640106,-2.646900,9.662127,0.641106,-2.357045,9.662127,0.641106,-2.646755,9.662306,0.640813,-2.646843,9.662306,0.640813,-2.356958,9.662306,0.640813,-2.646843,9.662423,0.640106,-2.646900,9.069719,0.641106,-2.646755,9.069719,0.641106,-2.357045,9.069540,0.640813,-2.356958,9.069540,0.640813,-2.646843,9.069540,0.640813,-2.356958,9.069423,0.640106,-2.356900,9.069719,0.641106,-2.357045,9.069719,0.641106,-2.646755,9.662127,0.641106,-2.646755,9.662423,0.631106,-2.356900,9.662423,0.640106,-2.356900,9.662423,0.631106,-2.646900,9.069423,0.631106,-2.646900,9.069423,0.631106,-2.356900,9.662423,0.631106,-2.646900,9.069423,0.631106,-2.356900,9.069423,0.640106,-2.356900,9.662423,0.631106,-2.356900,9.662423,0.631106,-2.646900,9.662423,0.640106,-2.646900,9.069423,0.631106,-2.646900,9.069423,0.631106,-2.646900,9.069423,0.640106,-2.646900,9.069423,0.631106,-2.356900,9.662306,0.640813,-2.356958,9.662423,0.640106,-2.356900,9.069540,0.640813,-2.356958,9.662127,0.641106,-2.357045,9.662306,0.640813,-2.356958,9.069719,0.641106,-2.357045,9.662306,0.640813,-2.646843,9.662127,0.641106,-2.646755,9.069540,0.640813,-2.646843,9.662423,0.640106,-2.646900,9.662306,0.640813,-2.646843,9.069423,0.640106,-2.646900,9.662306,0.640813,-2.356958,9.662127,0.641106,-2.357045,9.662306,0.640813,-2.646843,9.662423,0.640106,-2.356900,9.662306,0.640813,-2.356958,9.662423,0.640106,-2.646900,9.069540,0.640813,-2.646843,9.069719,0.641106,-2.646755,9.069540,0.640813,-2.356958,9.069423,0.640106,-2.646900,9.069540,0.640813,-2.646843,9.069423,0.640106,-2.356900,9.662127,0.641106,-2.357045,9.069719,0.641106,-2.357045,9.662127,0.641106,-2.646755],
    "uv1": [0.000000,0.000000,0.000000,0.000000,0.000000,0.000000,0.000000,0.000000,0.000000,0.000000,0.000000,0.000000,0.000000,0.000000,0.000000,0.000000,0.000000,0.000000,0.000000,0.000000,0.000000,0.000000,0.000000,0.000000,0.000000,0.000000,0.000000,0.000000,0.000000,0.000000,0.983341,0.516997,0.022738,0.516997,0.022927,0.517090,0.983151,0.517090,0.022927,0.517090,0.023218,0.517232,0.982861,0.986535,0.023218,0.986535,0.022927,0.986676,0.983151,0.986676,0.022927,0.986676,0.022738,0.986769,0.982861,0.517232,0.982861,0.986535,0.983151,0.986676,0.983151,0.517090,0.983151,0.986676,0.983341,0.986769,0.023218,0.986535,0.023218,0.517232,0.022927,0.517090,0.022927,0.986676,0.022927,0.517090,0.022738,0.516997,0.023218,0.517232,0.023218,0.986535,0.982861,0.986535,0.000000,0.000000,0.000000,0.000000,0.000000,0.000000,0.000000,0.000000,0.000000,0.000000,0.000000,0.000000,0.000000,0.000000,0.000000,0.000000,0.000000,0.000000,0.000000,0.000000,0.000000,0.000000,0.000000,0.000000,0.000000,0.000000,0.000000,0.000000,0.000000,0.000000,0.983151,0.517090,0.983341,0.516997,0.022927,0.517090,0.982861,0.517232,0.983151,0.517090,0.023218,0.517232,0.983151,0.986676,0.982861,0.986535,0.022927,0.986676,0.983341,0.986769,0.983151,0.986676,0.022738,0.986769,0.983151,0.517090,0.982861,0.517232,0.983151,0.986676,0.983341,0.516997,0.983151,0.517090,0.983341,0.986769,0.022927,0.986676,0.023218,0.986535,0.022927,0.517090,0.022738,0.986769,0.022927,0.986676,0.022738,0.516997,0.982861,0.517232,0.023218,0.517232,0.982861,0.986535],
    "normals": [-1.000000,0.000000,0.000000,-1.000000,0.000000,0.000000,-1.000000,0.000000,0.000000,0.000000,1.000000,-0.000000,0.000000,1.000000,-0.000000,0.000000,1.000000,-0.000000,0.000000,0.000000,-1.000000,0.000000,0.000000,-1.000000,0.000000,0.000000,-1.000000,0.000000,0.000000,1.000000,0.000000,0.000000,1.000000,0.000000,0.000000,1.000000,1.000000,-0.000000,0.000000,1.000000,-0.000000,0.000000,1.000000,-0.000000,0.000000,0.000000,-0.080994,-0.996715,0.000000,-0.080994,-0.996715,0.000000,-0.080994,-0.996715,0.000000,-0.286239,-0.958158,0.000000,-0.286239,-0.958158,0.000000,-0.286239,-0.958158,0.000000,-0.286239,0.958158,0.000000,-0.286239,0.958158,0.000000,-0.286239,0.958158,0.000000,-0.080994,0.996715,0.000000,-0.080994,0.996715,0.000000,-0.080994,0.996715,-0.852895,-0.522082,0.000000,-0.852895,-0.522082,0.000000,-0.852895,-0.522082,0.000000,-0.986517,-0.163657,0.000000,-0.986517,-0.163657,0.000000,-0.986517,-0.163657,0.000000,0.852895,-0.522082,0.000000,0.852895,-0.522082,0.000000,0.852895,-0.522082,0.000000,0.986517,-0.163657,0.000000,0.986517,-0.163657,0.000000,0.986517,-0.163657,0.000000,0.000000,-1.000000,0.000000,0.000000,-1.000000,0.000000,0.000000,-1.000000,0.000000,-1.000000,0.000000,0.000000,-1.000000,0.000000,0.000000,-1.000000,0.000000,0.000000,0.000000,1.000000,-0.000000,0.000000,1.000000,-0.000000,0.000000,1.000000,-0.000000,0.000000,0.000000,-1.000000,0.000000,0.000000,-1.000000,0.000000,0.000000,-1.000000,0.000000,0.000000,1.000000,0.000000,0.000000,1.000000,0.000000,0.000000,1.000000,1.000000,-0.000000,0.000000,1.000000,-0.000000,0.000000,1.000000,-0.000000,0.000000,0.000000,-0.080994,-0.996715,0.000000,-0.080994,-0.996715,0.000000,-0.080994,-0.996715,0.000000,-0.286239,-0.958158,0.000000,-0.286239,-0.958158,0.000000,-0.286239,-0.958158,0.000000,-0.286239,0.958158,0.000000,-0.286239,0.958158,0.000000,-0.286239,0.958158,0.000000,-0.080994,0.996715,0.000000,-0.080994,0.996715,0.000000,-0.080994,0.996715,-0.852895,-0.522082,0.000000,-0.852895,-0.522082,0.000000,-0.852895,-0.522082,0.000000,-0.986517,-0.163657,0.000000,-0.986517,-0.163657,0.000000,-0.986517,-0.163657,0.000000,0.852895,-0.522082,0.000000,0.852895,-0.522082,0.000000,0.852895,-0.522082,0.000000,0.986517,-0.163657,0.000000,0.986517,-0.163657,0.000000,0.986517,-0.163657,0.000000,0.000000,-1.000000,0.000000,0.000000,-1.000000,0.000000,0.000000,-1.000000,0.000000]
}