{    "vertices": [9.039509,0.288592,-2.162867,9.039509,0.298592,-2.162867,9.039509,0.298592,-1.872867,9.632509,0.288592,-2.162867,9.632509,0.298592,-2.162867,9.039509,0.298592,-2.162867,9.632509,0.288592,-1.872867,9.632509,0.298592,-1.872867,9.632509,0.298592,-2.162867,9.039509,0.288592,-1.872867,9.039509,0.298592,-1.872867,9.632509,0.298592,-1.872867,9.039509,0.298592,-2.162867,9.632509,0.298592,-2.162867,9.632509,0.298592,-1.872867,9.039509,0.288592,-2.162867,9.039509,0.298592,-1.872867,9.039509,0.288592,-1.872867,9.632509,0.288592,-2.162867,9.039509,0.298592,-2.162867,9.039509,0.288592,-2.162867,9.632509,0.288592,-1.872867,9.632509,0.298592,-2.162867,9.632509,0.288592,-2.162867,9.039509,0.288592,-1.872867,9.632509,0.298592,-1.872867,9.632509,0.288592,-1.872867,9.039509,0.298592,-2.162867,9.632509,0.298592,-1.872867,9.039509,0.298592,-1.872867],
    "uv1": [0.000000,0.000000,0.000000,0.000000,0.000000,0.000000,0.000000,0.000000,0.000000,0.000000,0.000000,0.000000,0.000000,0.000000,0.000000,0.000000,0.000000,0.000000,0.000000,0.000000,0.000000,0.000000,0.000000,0.000000,0.019504,0.984711,0.983051,0.984711,0.983051,0.516147,0.000000,0.000000,0.000000,0.000000,0.000000,0.000000,0.000000,0.000000,0.000000,0.000000,0.000000,0.000000,0.000000,0.000000,0.000000,0.000000,0.000000,0.000000,0.000000,0.000000,0.000000,0.000000,0.000000,0.000000,0.019504,0.984711,0.983051,0.516147,0.019504,0.516147],
    "normals": [-1.000000,0.000000,0.000000,-1.000000,0.000000,0.000000,-1.000000,0.000000,0.000000,0.000000,0.000000,-1.000000,0.000000,0.000000,-1.000000,0.000000,0.000000,-1.000000,1.000000,-0.000000,0.000000,1.000000,-0.000000,0.000000,1.000000,-0.000000,0.000000,0.000000,0.000000,1.000000,0.000000,0.000000,1.000000,0.000000,0.000000,1.000000,0.000000,1.000000,0.000000,0.000000,1.000000,0.000000,0.000000,1.000000,0.000000,-1.000000,0.000000,0.000000,-1.000000,0.000000,0.000000,-1.000000,0.000000,0.000000,0.000000,0.000000,-1.000000,0.000000,0.000000,-1.000000,0.000000,0.000000,-1.000000,1.000000,-0.000000,0.000000,1.000000,-0.000000,0.000000,1.000000,-0.000000,0.000000,0.000000,0.000000,1.000000,0.000000,0.000000,1.000000,0.000000,0.000000,1.000000,0.000000,1.000000,0.000000,0.000000,1.000000,0.000000,0.000000,1.000000,0.000000]
}