{    "vertices": [3.519940,0.206733,0.476848,2.427940,0.206733,0.476848,3.519940,0.220733,0.476848,2.427940,0.206733,0.476848,2.427940,0.206733,0.269848,2.427940,0.220733,0.269848,3.519940,0.206733,0.269848,3.519940,0.206733,0.476848,3.519940,0.220733,0.269848,2.427940,0.206733,0.269848,3.519940,0.206733,0.269848,3.519940,0.220733,0.269848,2.427940,0.220733,0.476848,2.427940,0.220733,0.269848,3.519940,0.220733,0.269848,2.427940,0.206733,0.476848,2.427940,0.220733,0.476848,3.519940,0.220733,0.476848,2.427940,0.220733,0.476848,2.427940,0.206733,0.476848,2.427940,0.220733,0.269848,3.519940,0.206733,0.476848,3.519940,0.220733,0.476848,3.519940,0.220733,0.269848,2.427940,0.220733,0.269848,2.427940,0.206733,0.269848,3.519940,0.220733,0.269848,3.519940,0.220733,0.476848,2.427940,0.220733,0.476848,3.519940,0.220733,0.269848],
    "uv1": [0.975236,0.916100,0.018653,0.916100,0.975236,0.928367,0.495766,0.863638,0.315698,0.863674,0.315698,0.875857,0.578633,0.875001,0.394852,0.875001,0.578633,0.887436,0.978107,0.862604,0.017532,0.861558,0.017532,0.873886,0.983201,0.981736,0.983201,0.797437,0.014130,0.797437,0.018653,0.916100,0.018653,0.928367,0.975236,0.928367,0.495766,0.875821,0.495766,0.863638,0.315698,0.875857,0.394852,0.875001,0.394852,0.887436,0.578633,0.887436,0.978107,0.874933,0.978107,0.862604,0.017532,0.873886,0.014130,0.981736,0.983201,0.981736,0.014130,0.797437],
    "normals": [0.000000,-0.000000,-1.000000,0.000000,-0.000000,-1.000000,0.000000,-0.000000,-1.000000,1.000000,0.000000,-0.000000,1.000000,0.000000,-0.000000,1.000000,0.000000,-0.000000,-1.000000,-0.000000,-0.000000,-1.000000,-0.000000,-0.000000,-1.000000,-0.000000,-0.000000,0.000000,0.000000,1.000000,0.000000,0.000000,1.000000,0.000000,0.000000,1.000000,0.000000,-1.000000,0.000000,0.000000,-1.000000,0.000000,0.000000,-1.000000,0.000000,0.000000,-0.000000,-1.000000,0.000000,-0.000000,-1.000000,0.000000,-0.000000,-1.000000,1.000000,0.000000,-0.000000,1.000000,0.000000,-0.000000,1.000000,0.000000,-0.000000,-1.000000,-0.000000,-0.000000,-1.000000,-0.000000,-0.000000,-1.000000,-0.000000,-0.000000,0.000000,0.000000,1.000000,0.000000,0.000000,1.000000,0.000000,0.000000,1.000000,0.000000,-1.000000,0.000000,0.000000,-1.000000,0.000000,0.000000,-1.000000,0.000000]
}